label,quantile,run_log10_s,reference_log10_s,shift_dex,grid,seed,mpi_size
C-g0-s20260722-r4,0.01,1.2183026860532498,1.1934697320005025,0.024832954052747214,0,20260722,4
C-g0-s20260722-r4,0.05,1.9266097979459837,1.943466850837456,-0.016857052891472213,0,20260722,4
C-g0-s20260722-r4,0.1,2.367203415174566,2.3856583394902815,-0.018454924315715715,0,20260722,4
C-g0-s20260722-r4,0.25,3.588347505438089,3.589462831956626,-0.0011153265185370742,0,20260722,4
C-g0-s20260722-r4,0.5,4.235538151286071,4.234375965014967,0.0011621862711042041,0,20260722,4
C-g0-s20260722-r4,0.75,4.909997206663291,4.92987604261806,-0.01987883595476969,0,20260722,4
C-g0-s20260722-r4,0.9,5.684420775361389,5.679785263627418,0.0046355117339702545,0,20260722,4
C-g0-s20260722-r4,0.95,6.183959855280098,6.199334872192218,-0.015375016912120287,0,20260722,4
C-g0-s20260722-r4,0.99,7.2349930122253365,7.37666592630541,-0.14167291408007365,0,20260722,4
C-g0-s20260723-r4,0.01,1.2236676095214538,1.1934697320005025,0.030197877520951266,0,20260723,4
C-g0-s20260723-r4,0.05,1.9272012621762162,1.943466850837456,-0.016265588661239727,0,20260723,4
C-g0-s20260723-r4,0.1,2.357570989562031,2.3856583394902815,-0.02808734992825057,0,20260723,4
C-g0-s20260723-r4,0.25,3.556643697920387,3.589462831956626,-0.03281913403623893,0,20260723,4
C-g0-s20260723-r4,0.5,4.196516959099909,4.234375965014967,-0.037859005915057864,0,20260723,4
C-g0-s20260723-r4,0.75,4.870218870192576,4.92987604261806,-0.059657172425484184,0,20260723,4
C-g0-s20260723-r4,0.9,5.599923317113302,5.679785263627418,-0.07986194651411616,0,20260723,4
C-g0-s20260723-r4,0.95,6.143636369023482,6.199334872192218,-0.05569850316873648,0,20260723,4
C-g0-s20260723-r4,0.99,7.141639128660111,7.37666592630541,-0.23502679764529955,0,20260723,4
C-g0-s20260724-r4,0.01,1.2272662754962764,1.1934697320005025,0.03379654349577388,0,20260724,4
C-g0-s20260724-r4,0.05,1.9638985190153817,1.943466850837456,0.020431668177925744,0,20260724,4
C-g0-s20260724-r4,0.1,2.385553910989182,2.3856583394902815,-0.00010442850109937396,0,20260724,4
C-g0-s20260724-r4,0.25,3.5915111345013266,3.589462831956626,0.0020483025447006753,0,20260724,4
C-g0-s20260724-r4,0.5,4.231197733737538,4.234375965014967,-0.003178231277428445,0,20260724,4
C-g0-s20260724-r4,0.75,4.92194501854873,4.92987604261806,-0.007931024069330661,0,20260724,4
C-g0-s20260724-r4,0.9,5.636040429896013,5.679785263627418,-0.04374483373140503,0,20260724,4
C-g0-s20260724-r4,0.95,6.1388583537658326,6.199334872192218,-0.060476518426385795,0,20260724,4
C-g0-s20260724-r4,0.99,7.103692414963984,7.37666592630541,-0.27297351134142644,0,20260724,4
C-g20-s20260722-r4,0.01,1.1176241900990036,1.1934697320005025,-0.07584554190149895,20,20260722,4
C-g20-s20260722-r4,0.05,1.8216840765819668,1.943466850837456,-0.12178277425548911,20,20260722,4
C-g20-s20260722-r4,0.1,2.2067132017075624,2.3856583394902815,-0.17894513778271914,20,20260722,4
C-g20-s20260722-r4,0.25,3.4031867966272644,3.589462831956626,-0.18627603532936154,20,20260722,4
C-g20-s20260722-r4,0.5,4.105463269497445,4.234375965014967,-0.1289126955175215,20,20260722,4
C-g20-s20260722-r4,0.75,4.8222834903131275,4.92987604261806,-0.10759255230493281,20,20260722,4
C-g20-s20260722-r4,0.9,5.560685189817051,5.679785263627418,-0.11910007381036714,20,20260722,4
C-g20-s20260722-r4,0.95,6.077931066052478,6.199334872192218,-0.12140380613974067,20,20260722,4
C-g20-s20260722-r4,0.99,7.016688997767067,7.37666592630541,-0.3599769285383436,20,20260722,4
C-g20-s20260723-r4,0.01,1.0282490292257842,1.1934697320005025,-0.16522070277471834,20,20260723,4
C-g20-s20260723-r4,0.05,1.8180874414116788,1.943466850837456,-0.1253794094257772,20,20260723,4
C-g20-s20260723-r4,0.1,2.175758749222253,2.3856583394902815,-0.2098995902680283,20,20260723,4
C-g20-s20260723-r4,0.25,3.3822393280512264,3.589462831956626,-0.20722350390539956,20,20260723,4
C-g20-s20260723-r4,0.5,4.079548043602426,4.234375965014967,-0.15482792141254098,20,20260723,4
C-g20-s20260723-r4,0.75,4.799294396652639,4.92987604261806,-0.130581645965421,20,20260723,4
C-g20-s20260723-r4,0.9,5.55607004704368,5.679785263627418,-0.1237152165837383,20,20260723,4
C-g20-s20260723-r4,0.95,6.047603231872275,6.199334872192218,-0.15173164031994357,20,20260723,4
C-g20-s20260723-r4,0.99,7.0553101716839155,7.37666592630541,-0.3213557546214947,20,20260723,4
C-g20-s20260724-r4,0.01,1.1085777663969734,1.1934697320005025,-0.08489196560352918,20,20260724,4
C-g20-s20260724-r4,0.05,1.8507787358887087,1.943466850837456,-0.09268811494874729,20,20260724,4
C-g20-s20260724-r4,0.1,2.2058179692306763,2.3856583394902815,-0.1798403702596052,20,20260724,4
C-g20-s20260724-r4,0.25,3.4376028443473934,3.589462831956626,-0.15185998760923258,20,20260724,4
C-g20-s20260724-r4,0.5,4.114233936128752,4.234375965014967,-0.12014202888621472,20,20260724,4
C-g20-s20260724-r4,0.75,4.827099178362445,4.92987604261806,-0.10277686425561505,20,20260724,4
C-g20-s20260724-r4,0.9,5.57305744757305,5.679785263627418,-0.10672781605436832,20,20260724,4
C-g20-s20260724-r4,0.95,6.1171378448496165,6.199334872192218,-0.08219702734260181,20,20260724,4
C-g20-s20260724-r4,0.99,7.213651371681125,7.37666592630541,-0.1630145546242856,20,20260724,4
C-g1000-s20260722-r4,0.01,1.2150702830923787,1.1934697320005025,0.021600551091876197,1000,20260722,4
C-g1000-s20260722-r4,0.05,1.932305506530298,1.943466850837456,-0.011161344307157872,1000,20260722,4
C-g1000-s20260722-r4,0.1,2.3767911163899944,2.3856583394902815,-0.008867223100287092,1000,20260722,4
C-g1000-s20260722-r4,0.25,3.587923486196428,3.589462831956626,-0.0015393457601979854,1000,20260722,4
C-g1000-s20260722-r4,0.5,4.235809402462048,4.234375965014967,0.0014334374470816869,1000,20260722,4
C-g1000-s20260722-r4,0.75,4.912620961783711,4.92987604261806,-0.017255080834349457,1000,20260722,4
C-g1000-s20260722-r4,0.9,5.686502947606858,5.679785263627418,0.006717683979439393,1000,20260722,4
C-g1000-s20260722-r4,0.95,6.170688628449859,6.199334872192218,-0.028646243742358912,1000,20260722,4
C-g1000-s20260722-r4,0.99,7.144914781291119,7.37666592630541,-0.23175114501429128,1000,20260722,4
C-g1000-s20260723-r4,0.01,1.2491392655693767,1.1934697320005025,0.05566953356887416,1000,20260723,4
C-g1000-s20260723-r4,0.05,1.9172308008691652,1.943466850837456,-0.026236049968290764,1000,20260723,4
C-g1000-s20260723-r4,0.1,2.3553584857956538,2.3856583394902815,-0.030299853694627732,1000,20260723,4
C-g1000-s20260723-r4,0.25,3.5554084371558172,3.589462831956626,-0.03405439480080874,1000,20260723,4
C-g1000-s20260723-r4,0.5,4.192499246496064,4.234375965014967,-0.0418767185189024,1000,20260723,4
C-g1000-s20260723-r4,0.75,4.879371629493022,4.92987604261806,-0.05050441312503828,1000,20260723,4
C-g1000-s20260723-r4,0.9,5.593520870925185,5.679785263627418,-0.0862643927022333,1000,20260723,4
C-g1000-s20260723-r4,0.95,6.145008739070447,6.199334872192218,-0.054326133121771036,1000,20260723,4
C-g1000-s20260723-r4,0.99,7.1928879242987005,7.37666592630541,-0.18377800200670968,1000,20260723,4
C-g1000-s20260724-r4,0.01,1.2154685228442994,1.1934697320005025,0.021998790843796856,1000,20260724,4
C-g1000-s20260724-r4,0.05,1.9636372951479573,1.943466850837456,0.0201704443105013,1000,20260724,4
C-g1000-s20260724-r4,0.1,2.385132083063825,2.3856583394902815,-0.0005262564264563174,1000,20260724,4
C-g1000-s20260724-r4,0.25,3.5898304265848218,3.589462831956626,0.0003675946281957998,1000,20260724,4
C-g1000-s20260724-r4,0.5,4.230214230842331,4.234375965014967,-0.004161734172635434,1000,20260724,4
C-g1000-s20260724-r4,0.75,4.916445563238822,4.92987604261806,-0.013430479379238136,1000,20260724,4
C-g1000-s20260724-r4,0.9,5.628938639993137,5.679785263627418,-0.05084662363428105,1000,20260724,4
C-g1000-s20260724-r4,0.95,6.1303525044011105,6.199334872192218,-0.06898236779110789,1000,20260724,4
C-g1000-s20260724-r4,0.99,7.104202856411738,7.37666592630541,-0.2724630698936723,1000,20260724,4
C-g2000-s20260722-r4,0.01,1.2260301692052402,1.1934697320005025,0.03256043720473767,2000,20260722,4
C-g2000-s20260722-r4,0.05,1.9368966023555705,1.943466850837456,-0.006570248481885477,2000,20260722,4
C-g2000-s20260722-r4,0.1,2.3836077122236023,2.3856583394902815,-0.0020506272666791503,2000,20260722,4
C-g2000-s20260722-r4,0.25,3.5920159152438966,3.589462831956626,0.0025530832872706632,2000,20260722,4
C-g2000-s20260722-r4,0.5,4.235854731012088,4.234375965014967,0.0014787659971213785,2000,20260722,4
C-g2000-s20260722-r4,0.75,4.912550391919263,4.92987604261806,-0.017325650698797546,2000,20260722,4
C-g2000-s20260722-r4,0.9,5.691348487323909,5.679785263627418,0.011563223696490432,2000,20260722,4
C-g2000-s20260722-r4,0.95,6.1794182010561265,6.199334872192218,-0.019916671136091857,2000,20260722,4
C-g2000-s20260722-r4,0.99,7.243460267011581,7.37666592630541,-0.13320565929382955,2000,20260722,4
C-g2000-s20260723-r4,0.01,1.2252204975766119,1.1934697320005025,0.03175076557610934,2000,20260723,4
C-g2000-s20260723-r4,0.05,1.9312907603982086,1.943466850837456,-0.012176090439247389,2000,20260723,4
C-g2000-s20260723-r4,0.1,2.359482771079299,2.3856583394902815,-0.026175568410982564,2000,20260723,4
C-g2000-s20260723-r4,0.25,3.560075208939025,3.589462831956626,-0.029387623017600895,2000,20260723,4
C-g2000-s20260723-r4,0.5,4.196938839284893,4.234375965014967,-0.037437125730073184,2000,20260723,4
C-g2000-s20260723-r4,0.75,4.877721953084103,4.92987604261806,-0.05215408953395695,2000,20260723,4
C-g2000-s20260723-r4,0.9,5.5972069979520835,5.679785263627418,-0.08257826567533488,2000,20260723,4
C-g2000-s20260723-r4,0.95,6.1560747387353,6.199334872192218,-0.04326013345691848,2000,20260723,4
C-g2000-s20260723-r4,0.99,7.182395121669172,7.37666592630541,-0.19427080463623803,2000,20260723,4
C-g2000-s20260724-r4,0.01,1.236712611514079,1.1934697320005025,0.043242879513576415,2000,20260724,4
C-g2000-s20260724-r4,0.05,1.9639138410402923,1.943466850837456,0.020446990202836357,2000,20260724,4
C-g2000-s20260724-r4,0.1,2.383482062562189,2.3856583394902815,-0.0021762769280924132,2000,20260724,4
C-g2000-s20260724-r4,0.25,3.588546721351905,3.589462831956626,-0.0009161106047210765,2000,20260724,4
C-g2000-s20260724-r4,0.5,4.230689221476669,4.234375965014967,-0.0036867435382976765,2000,20260724,4
C-g2000-s20260724-r4,0.75,4.918626699199212,4.92987604261806,-0.011249343418848312,2000,20260724,4
C-g2000-s20260724-r4,0.9,5.627515311470788,5.679785263627418,-0.05226995215663077,2000,20260724,4
C-g2000-s20260724-r4,0.95,6.120377650010239,6.199334872192218,-0.07895722218197943,2000,20260724,4
C-g2000-s20260724-r4,0.99,7.062371302857752,7.37666592630541,-0.31429462344765824,2000,20260724,4
C-g1000-s20260722-r30,0.01,1.2222137906282013,1.1934697320005025,0.0287440586276988,1000,20260722,30
C-g1000-s20260722-r30,0.05,1.9438546606404188,1.943466850837456,0.0003878098029628241,1000,20260722,30
C-g1000-s20260722-r30,0.1,2.386766986752716,2.3856583394902815,0.0011086472624346477,1000,20260722,30
C-g1000-s20260722-r30,0.25,3.573674542994257,3.589462831956626,-0.015788288962368835,1000,20260722,30
C-g1000-s20260722-r30,0.5,4.237711889383025,4.234375965014967,0.003335924368058407,1000,20260722,30
C-g1000-s20260722-r30,0.75,4.917214456936742,4.92987604261806,-0.012661585681318144,1000,20260722,30
C-g1000-s20260722-r30,0.9,5.638525743291494,5.679785263627418,-0.041259520335924726,1000,20260722,30
C-g1000-s20260722-r30,0.95,6.157880848911937,6.199334872192218,-0.04145402328028158,1000,20260722,30
C-g1000-s20260722-r30,0.99,7.114392122712003,7.37666592630541,-0.26227380359340735,1000,20260722,30
